{
  "eslint.config.js": 1772517350.1243584,
  "vite.config.js": 1773825059.0122964,
  "src\\api\\apiClient.js": 1775533236.5472534,
  "src\\api\\externalClient.js": 1775533236.5482538,
  "src\\api\\adminTest\\archive.js": 1775652279.9522214,
  "src\\api\\adminTest\\auth.js": 1775560146.442448,
  "src\\api\\adminTest\\regressionApi.js": 1775533236.5472534,
  "src\\app\\App.jsx": 1773060923.034594,
  "src\\app\\main.jsx": 1775533236.5492527,
  "src\\app\\context\\ThemeContext.jsx": 1775533236.5482538,
  "src\\app\\context\\useTheme.js": 1775533236.5492527,
  "src\\app\\router\\lazyPages.js": 1777295078.939881,
  "src\\app\\router\\MainRouter.jsx": 1777295143.460019,
  "src\\components\\monitor\\AlertHistoryTable.jsx": 1774764333.6628408,
  "src\\components\\monitor\\GaugeBar.jsx": 1774114280.4526474,
  "src\\components\\monitor\\NewsFeed.jsx": 1774764333.6638403,
  "src\\components\\toast\\OverLoadToast.jsx": 1774770575.7951722,
  "src\\domain\\binance\\model\\hook\\useBinanceTradeSse.ts": 1774764333.6648412,
  "src\\domain\\binance\\model\\hook\\useBinanceWebSocket.ts": 1776345450.28611,
  "src\\domain\\binance\\model\\hook\\useRawTickSse.ts": 1773232848.732444,
  "src\\domain\\binance\\model\\hook\\useSignalSse.ts": 1773388497.3498242,
  "src\\domain\\binance\\model\\hook\\useUpbitWebSocket.ts": 1773096750.6989095,
  "src\\domain\\binance\\ui\\ticker\\BinanceTicker.tsx": 1775533236.5512536,
  "src\\domain\\binance\\ui\\ticker\\BinanceTickerMobile.tsx": 1775533236.5522537,
  "src\\domain\\binance\\ui\\wallet\\BinanceWallet.tsx": 1775533236.5532534,
  "src\\domain\\logistics\\common\\emitter.ts": 1777187158.1827006,
  "src\\domain\\logistics\\common\\events.ts": 1777797240.0352707,
  "src\\domain\\logistics\\common\\failures.ts": 1777797240.0362713,
  "src\\domain\\logistics\\common\\stages.ts": 1777797240.0362713,
  "src\\domain\\support\\api\\contactApi.js": 1774764333.6648412,
  "src\\domain\\support\\ui\\TelegramPopup.jsx": 1777190237.311563,
  "src\\domain\\weather\\lib\\cesiumUtils.js": 1773060923.0426016,
  "src\\domain\\weather\\lib\\weatherUtils.ts": 1773060923.0426016,
  "src\\domain\\weather\\model\\regions.ts": 1773060923.0446038,
  "src\\domain\\weather\\model\\hook\\useCesiumMap.js": 1773060923.0436032,
  "src\\domain\\weather\\model\\hook\\useWeatherData.ts": 1773060923.0436032,
  "src\\domain\\weather\\ui\\detail\\WeatherDetail.tsx": 1773060923.0446038,
  "src\\domain\\weather\\ui\\map\\CesiumMap.jsx": 1773060923.045604,
  "src\\domain\\weather\\ui\\panel\\WeatherPanel.jsx": 1773060923.045604,
  "src\\global\\chs.ts": 1777399030.8973522,
  "src\\hooks\\useMonitorWebSocket.js": 1774764333.6658413,
  "src\\page\\admin\\AdminPage.jsx": 1777821869.8624103,
  "src\\page\\admin\\login\\AdminLoginPage.jsx": 1775533236.5562541,
  "src\\page\\admin\\test\\AdminTestDomainPlaceholder.jsx": 1775533236.5572531,
  "src\\page\\admin\\test\\AdminTestLayout.jsx": 1775533236.5572531,
  "src\\page\\admin\\test\\AuthTestPage.jsx": 1775654946.8628087,
  "src\\page\\admin\\test\\shared\\ApiCallLogPanel.jsx": 1775533236.5633414,
  "src\\page\\admin\\test\\shared\\logApiCall.js": 1775533236.5633414,
  "src\\page\\analysis\\AnalysisPage.jsx": 1775533236.5643408,
  "src\\page\\analysis\\palette.js": 1773757543.3319483,
  "src\\page\\analysis\\components\\CaseCard.jsx": 1775533236.565341,
  "src\\page\\analysis\\components\\CasesPanel.jsx": 1775533236.565341,
  "src\\page\\analysis\\components\\ConditionBuilder.jsx": 1775533236.5663414,
  "src\\page\\analysis\\components\\ConditionGroup.jsx": 1775533236.5673425,
  "src\\page\\analysis\\components\\ConditionRow.jsx": 1775533236.5673425,
  "src\\page\\analysis\\components\\ControlBar.jsx": 1775533236.5683408,
  "src\\page\\analysis\\components\\MainChart.jsx": 1775533236.5693412,
  "src\\page\\analysis\\components\\SignalSearchPopup.jsx": 1775533236.5693412,
  "src\\page\\analysis\\components\\TemplateBar.jsx": 1775533236.570341,
  "src\\page\\analysis\\components\\TemplateManagerModal.jsx": 1775533236.5713413,
  "src\\page\\analysis\\components\\Toast.jsx": 1775533236.5713413,
  "src\\page\\analysis\\engine\\conditionExplain.js": 1773757543.3285608,
  "src\\page\\analysis\\engine\\conditionRegistry.js": 1773741260.1002903,
  "src\\page\\analysis\\engine\\detectionEngine.js": 1774771971.904014,
  "src\\page\\analysis\\engine\\conditions\\delta.js": 1773741248.9499564,
  "src\\page\\analysis\\engine\\conditions\\priceChange.js": 1773741237.762781,
  "src\\page\\analysis\\engine\\conditions\\timeRange.js": 1773741255.114697,
  "src\\page\\analysis\\engine\\conditions\\volumeSpike.js": 1773741232.6324599,
  "src\\page\\analysis\\hooks\\useBinanceKlines.js": 1775533236.5723407,
  "src\\page\\binance\\BinancePage.jsx": 1775533236.573341,
  "src\\page\\error\\ErrorPage.tsx": 1773060923.047606,
  "src\\page\\error\\ErrorTest.tsx": 1773060923.047606,
  "src\\page\\error\\TestTest.jsx": 1773060923.047606,
  "src\\page\\forbidden\\ForbiddenPage.jsx": 1774764333.6694338,
  "src\\page\\logistics\\LogisticsLayout.jsx": 1777797240.037271,
  "src\\page\\logistics\\LogisticsPage.jsx": 1777187507.2026746,
  "src\\page\\logistics\\components\\FocusArea.jsx": 1777555576.1663742,
  "src\\page\\logistics\\components\\InfoOverlay.jsx": 1777197951.2505302,
  "src\\page\\logistics\\components\\LogisticsHeader.jsx": 1777815278.170965,
  "src\\page\\logistics\\components\\RightPanel.jsx": 1777797240.0382717,
  "src\\page\\logistics\\components\\SupportFlowStrip.jsx": 1777554245.2490263,
  "src\\page\\logistics\\components\\TabBar.jsx": 1777821777.4144602,
  "src\\page\\logistics\\hooks\\useFocusedTaskId.js": 1777195782.4242003,
  "src\\page\\logistics\\hooks\\useLogisticsSnapshot.js": 1777202072.9492452,
  "src\\page\\logistics\\services\\omsSimulation.js": 1777797240.0398788,
  "src\\page\\logistics\\services\\recoveryActions.js": 1777797240.0408785,
  "src\\page\\logistics\\services\\simulationSettings.js": 1777284157.0059795,
  "src\\page\\logistics\\tabs\\ListTab.jsx": 1777290162.0841424,
  "src\\page\\logistics\\tabs\\OmsTab.jsx": 1777822246.44078,
  "src\\page\\logistics\\tabs\\OverviewTab.jsx": 1777293319.8835442,
  "src\\page\\logistics\\tabs\\TmsTab.jsx": 1777528951.6582181,
  "src\\page\\logistics\\tabs\\WmsTab.jsx": 1777528951.6280167,
  "src\\page\\monitor\\MonitorPage.jsx": 1775654473.0529752,
  "src\\page\\random\\randomLayout.js": 1774704938.096659,
  "src\\page\\random\\RandomLayoutEditorPage.jsx": 1774764333.6704838,
  "src\\page\\random\\RandomPage.jsx": 1774704938.0946612,
  "src\\page\\random\\randomPhysics.js": 1774704938.096659,
  "src\\page\\random\\RandomPickerBoard.jsx": 1774704938.095659,
  "src\\page\\signal\\ParamPanel.jsx": 1775533236.5743725,
  "src\\page\\signal\\SignalPage.jsx": 1777351709.9501746,
  "src\\page\\signal\\TopBar.jsx": 1775533236.575884,
  "src\\page\\signal\\components\\CandleChart.jsx": 1777370684.4008725,
  "src\\page\\signal\\components\\DivergenceBar.jsx": 1773652696.1113079,
  "src\\page\\signal\\components\\EnergyGauge.jsx": 1773493265.250529,
  "src\\page\\signal\\components\\LiquidationPanel.jsx": 1775533236.575884,
  "src\\page\\signal\\components\\LongPanel.jsx": 1775533236.576884,
  "src\\page\\signal\\components\\MainCore.jsx": 1775533236.5778835,
  "src\\page\\signal\\components\\MiniChartPlaceholder.jsx": 1775533236.5778835,
  "src\\page\\signal\\components\\OiLineChart.jsx": 1774771971.906012,
  "src\\page\\signal\\components\\PatternStrip.jsx": 1775533236.5788882,
  "src\\page\\signal\\components\\ShortLiqPanel.jsx": 1775533236.579884,
  "src\\page\\signal\\components\\ShortPanel.jsx": 1775533236.579884,
  "src\\page\\signal\\components\\TradingViewWidget.jsx": 1773654117.7956302,
  "src\\page\\signal\\components\\TugOfWar.jsx": 1775533236.5808842,
  "src\\page\\signal\\components\\stealth\\StealthBadge.jsx": 1773716507.1380978,
  "src\\page\\signal\\components\\stealth\\StealthCaseViewer.jsx": 1774764333.6714804,